M_root,Z_required,A_cap,web_thickness,V_root
397321.450569585,0.00198660725284793,0.00827753022019969,0.00524221875,125813.25
