S,b,c_root,c_tip,MAC,V_stall,LD,Wing_Loading
17.729808993169,12.632033919307,2.00508474909634,0.802033899638537,1.48949152790014,45.0838179881027,13.9731722603909,2489.87453937085
